{"cameraMode":{"drawMode":0,"name":"Shaded","section":"Shading Mode"},"sceneLighting":true,"audioPlay":false,"sceneViewState":{"m_AlwaysRefresh":false,"showFog":true,"showSkybox":true,"showFlares":true,"showImageEffects":true,"showParticleSystems":true,"showVisualEffectGraphs":true,"m_FxEnabled":true},"in2DMode":false,"pivot":{"x":-10.05778980255127,"y":3.545252561569214,"z":-14.018973350524903},"rotation":{"x":0.005299726966768503,"y":0.9708157181739807,"z":0.021546415984630586,"w":-0.2388087511062622},"size":20.194549560546876,"orthographic":false}