{"cameraMode":{"drawMode":0,"name":"Shaded","section":"Shading Mode"},"sceneLighting":false,"audioPlay":false,"sceneViewState":{"m_AlwaysRefresh":false,"showFog":true,"showSkybox":false,"showFlares":true,"showImageEffects":true,"showParticleSystems":true,"showVisualEffectGraphs":true,"m_FxEnabled":true},"in2DMode":false,"pivot":{"x":137.20431518554688,"y":6.818183422088623,"z":-232.78713989257813},"rotation":{"x":0.0033455928787589075,"y":-0.9892939925193787,"z":-0.012833751738071442,"w":-0.14974793791770936},"size":23.437633514404298,"orthographic":false}